-- MySQL Script generated by MySQL Workbench
-- Tue Nov 16 12:45:21 2021
-- Model: New Model    Version: 1.0
-- MySQL Workbench Forward Engineering

SET @OLD_UNIQUE_CHECKS=@@UNIQUE_CHECKS, UNIQUE_CHECKS=0;
SET @OLD_FOREIGN_KEY_CHECKS=@@FOREIGN_KEY_CHECKS, FOREIGN_KEY_CHECKS=0;
SET @OLD_SQL_MODE=@@SQL_MODE, SQL_MODE='ONLY_FULL_GROUP_BY,STRICT_TRANS_TABLES,NO_ZERO_IN_DATE,NO_ZERO_DATE,ERROR_FOR_DIVISION_BY_ZERO,NO_ENGINE_SUBSTITUTION';

-- -----------------------------------------------------
-- Schema mydb
-- -----------------------------------------------------
-- -----------------------------------------------------
-- Schema horetskyi
-- -----------------------------------------------------

-- -----------------------------------------------------
-- Schema horetskyi
-- -----------------------------------------------------
CREATE SCHEMA IF NOT EXISTS `horetskyi` DEFAULT CHARACTER SET utf8mb4 COLLATE utf8mb4_0900_ai_ci ;
USE `horetskyi` ;

-- -----------------------------------------------------
-- Table `horetskyi`.`rating`
-- -----------------------------------------------------
drop table if exists `horetskyi`. `rating`;
CREATE TABLE IF NOT EXISTS `horetskyi`.`rating` (

                                                    `idrating` INT NOT NULL AUTO_INCREMENT,
                                                    `stars` INT NULL,
                                                    PRIMARY KEY (`idrating`))
    ENGINE = InnoDB;


-- -----------------------------------------------------
-- Table `horetskyi`.`driver`
-- -----------------------------------------------------
drop table if exists `horetskyi`. `driver`;
CREATE TABLE IF NOT EXISTS `horetskyi`.`driver` (
                                                    `iddriver` INT NOT NULL AUTO_INCREMENT,
                                                    `name` VARCHAR(45) NOT NULL,
                                                    `surname` VARCHAR(45) NOT NULL,
                                                    `age` INT NULL,
                                                    `number_of_cars` INT NOT NULL,
                                                    `experience` INT NOT NULL,
                                                    `rating_idrating` INT NOT NULL,
                                                    PRIMARY KEY (`iddriver`),
                                                    INDEX `fk_driver_rating1_idx` (`rating_idrating` ASC) VISIBLE,
                                                    CONSTRAINT `fk_driver_rating1`
                                                        FOREIGN KEY (`rating_idrating`)
                                                            REFERENCES `horetskyi`.`rating` (`idrating`)
                                                            ON DELETE NO ACTION
                                                            ON UPDATE NO ACTION)
    ENGINE = InnoDB
    DEFAULT CHARACTER SET = utf8mb4
    COLLATE = utf8mb4_0900_ai_ci;


-- -----------------------------------------------------
-- Table `horetskyi`.`car`
-- -----------------------------------------------------
drop table if exists `horetskyi`. `car`;
CREATE TABLE IF NOT EXISTS `horetskyi`.`car` (
                                                 `idcar` INT NOT NULL AUTO_INCREMENT,
                                                 `model` VARCHAR(45) NOT NULL,
                                                 `mark` VARCHAR(45) NOT NULL,
                                                 `color` VARCHAR(45) NOT NULL,
                                                 `car_number` VARCHAR(8) NOT NULL,
                                                 PRIMARY KEY (`idcar`))
    ENGINE = InnoDB;


-- -----------------------------------------------------
-- Table `horetskyi`.`user`
-- -----------------------------------------------------
drop table if exists `horetskyi`. `user`;
CREATE TABLE IF NOT EXISTS `horetskyi`.`user` (
                                                  `iduser` INT NOT NULL AUTO_INCREMENT,
                                                  `name` VARCHAR(45) NOT NULL,
                                                  `surname` VARCHAR(45) NOT NULL,
                                                  `age` INT NULL,
                                                  `gender` VARCHAR(45) NULL,
                                                  PRIMARY KEY (`iduser`))
    ENGINE = InnoDB;


-- -----------------------------------------------------
-- Table `horetskyi`.`route`
-- -----------------------------------------------------
drop table if exists `horetskyi`. `route`;
CREATE TABLE IF NOT EXISTS `horetskyi`.`route` (
                                                   `idroute` INT NOT NULL AUTO_INCREMENT,
                                                   `start` VARCHAR(45) NOT NULL,
                                                   `end` VARCHAR(45) NOT NULL,
                                                   `data` VARCHAR(45) NOT NULL,
                                                   `price` FLOAT NOT NULL,
                                                   `user_iduser` INT NOT NULL,
                                                   `driver_iddriver` INT NOT NULL,
                                                   PRIMARY KEY (`idroute`),
                                                   INDEX `fk_route_user1_idx` (`user_iduser` ASC) VISIBLE,
                                                   INDEX `fk_route_driver1_idx` (`driver_iddriver` ASC) VISIBLE,
                                                   CONSTRAINT `fk_route_user1`
                                                       FOREIGN KEY (`user_iduser`)
                                                           REFERENCES `horetskyi`.`user` (`iduser`)
                                                           ON DELETE NO ACTION
                                                           ON UPDATE NO ACTION,
                                                   CONSTRAINT `fk_route_driver1`
                                                       FOREIGN KEY (`driver_iddriver`)
                                                           REFERENCES `horetskyi`.`driver` (`iddriver`)
                                                           ON DELETE NO ACTION
                                                           ON UPDATE NO ACTION)
    ENGINE = InnoDB;


-- -----------------------------------------------------
-- Table `horetskyi`.`driver_has_car`
-- -----------------------------------------------------
drop table if exists `horetskyi`. `driver_has_car`;
CREATE TABLE IF NOT EXISTS `horetskyi`.`driver_has_car` (
                                                            `driver_iddriver` INT NOT NULL,
                                                            `car_idcar` INT NOT NULL,
                                                            PRIMARY KEY (`driver_iddriver`, `car_idcar`),
                                                            INDEX `fk_driver_has_car_car1_idx` (`car_idcar` ASC) VISIBLE,
                                                            INDEX `fk_driver_has_car_driver1_idx` (`driver_iddriver` ASC) VISIBLE,
                                                            CONSTRAINT `fk_driver_has_car_driver1`
                                                                FOREIGN KEY (`driver_iddriver`)
                                                                    REFERENCES `horetskyi`.`driver` (`iddriver`)
                                                                    ON DELETE NO ACTION
                                                                    ON UPDATE NO ACTION,
                                                            CONSTRAINT `fk_driver_has_car_car1`
                                                                FOREIGN KEY (`car_idcar`)
                                                                    REFERENCES `horetskyi`.`car` (`idcar`)
                                                                    ON DELETE NO ACTION
                                                                    ON UPDATE NO ACTION)
    ENGINE = InnoDB
    DEFAULT CHARACTER SET = utf8mb4
    COLLATE = utf8mb4_0900_ai_ci;

use `horetskyi`;

INSERT INTO `horetskyi`.`route` (`idroute`,`start`,`end`,`data`,`price`,`user_iduser`,`driver_iddriver`) VALUES (1,'london','london','01.02.2001',67,1,2);
INSERT INTO `horetskyi`.`route` (`idroute`,`start`,`end`,`data`,`price`,`user_iduser`,`driver_iddriver`) VALUES (2,'london','poland','01.02.2001',555,1,1);
INSERT INTO `horetskyi`.`route` (`idroute`,`start`,`end`,`data`,`price`,`user_iduser`,`driver_iddriver`) VALUES (3,'london','london','01.02.2001',453,2,3);
INSERT INTO `horetskyi`.`route` (`idroute`,`start`,`end`,`data`,`price`,`user_iduser`,`driver_iddriver`) VALUES (4,'germany','london','01.02.2001',234,3,4);
INSERT INTO `horetskyi`.`route` (`idroute`,`start`,`end`,`data`,`price`,`user_iduser`,`driver_iddriver`) VALUES (5,'simferopol','germany','01.02.2001',43,4,5);
INSERT INTO `horetskyi`.`route` (`idroute`,`start`,`end`,`data`,`price`,`user_iduser`,`driver_iddriver`) VALUES (6,'germany','london','01.02.2001',234,5,6);
INSERT INTO `horetskyi`.`route` (`idroute`,`start`,`end`,`data`,`price`,`user_iduser`,`driver_iddriver`) VALUES (7,'schyrets','lviv','01.02.2001',123,6,7);
INSERT INTO `horetskyi`.`route` (`idroute`,`start`,`end`,`data`,`price`,`user_iduser`,`driver_iddriver`) VALUES (8,'italy','germany','01.02.2001',222,7,8);
INSERT INTO `horetskyi`.`route` (`idroute`,`start`,`end`,`data`,`price`,`user_iduser`,`driver_iddriver`) VALUES (9,'germany','london','01.02.2001',134,8,9);
INSERT INTO `horetskyi`.`route` (`idroute`,`start`,`end`,`data`,`price`,`user_iduser`,`driver_iddriver`) VALUES (10,'germany','germany','01.02.2001',665,9,10);

INSERT INTO `horetskyi`.`user` (`iduser`,`name`,`surname`,`age`,`gender`) VALUES (1,'joe','qwerty',15,'male');
INSERT INTO `horetskyi`.`user` (`iduser`,`name`,`surname`,`age`,`gender`) VALUES (2,'bol','ytrewq',23,'male');
INSERT INTO `horetskyi`.`user` (`iduser`,`name`,`surname`,`age`,`gender`) VALUES (3,'bil','wqe',42,'neutral gender');
INSERT INTO `horetskyi`.`user` (`iduser`,`name`,`surname`,`age`,`gender`) VALUES (4,'bob','rqw',65,'female');
INSERT INTO `horetskyi`.`user` (`iduser`,`name`,`surname`,`age`,`gender`) VALUES (5,'rob','qwe',43,'male');
INSERT INTO `horetskyi`.`user` (`iduser`,`name`,`surname`,`age`,`gender`) VALUES (6,'nick','sae',23,'female');
INSERT INTO `horetskyi`.`user` (`iduser`,`name`,`surname`,`age`,`gender`) VALUES (7,'ash','qwes',43,'male');
INSERT INTO `horetskyi`.`user` (`iduser`,`name`,`surname`,`age`,`gender`) VALUES (8,'kayle','wrdg',12,'female');
INSERT INTO `horetskyi`.`user` (`iduser`,`name`,`surname`,`age`,`gender`) VALUES (9,'ihor','aweq',32,'male');
INSERT INTO `horetskyi`.`user` (`iduser`,`name`,`surname`,`age`,`gender`) VALUES (10,'sem','xfdw',45,'female');

INSERT INTO `horetskyi`.`driver` (`iddriver`,`name`,`surname`,`age`,`number_of_cars`,`rating_idrating`,`experience`) VALUES (1,'joe','biden',45,3,1,15);
INSERT INTO `horetskyi`.`driver` (`iddriver`,`name`,`surname`,`age`,`number_of_cars`,`rating_idrating`,`experience`) VALUES (2,'bil','qwerty',18,1,2,3);
INSERT INTO `horetskyi`.`driver` (`iddriver`,`name`,`surname`,`age`,`number_of_cars`,`rating_idrating`,`experience`) VALUES (3,'ann','ytrewq',23,2,3,2);
INSERT INTO `horetskyi`.`driver` (`iddriver`,`name`,`surname`,`age`,`number_of_cars`,`rating_idrating`,`experience`) VALUES (4,'sarah','adam',45,1,4,1);
INSERT INTO `horetskyi`.`driver` (`iddriver`,`name`,`surname`,`age`,`number_of_cars`,`rating_idrating`,`experience`) VALUES (5,'ino','choe',22,1,5,12);
INSERT INTO `horetskyi`.`driver` (`iddriver`,`name`,`surname`,`age`,`number_of_cars`,`rating_idrating`,`experience`) VALUES (6,'jihn','pie',26,1,6,13);
INSERT INTO `horetskyi`.`driver` (`iddriver`,`name`,`surname`,`age`,`number_of_cars`,`rating_idrating`,`experience`) VALUES (7,'anna','rex',37,1,7,2);
INSERT INTO `horetskyi`.`driver` (`iddriver`,`name`,`surname`,`age`,`number_of_cars`,`rating_idrating`,`experience`) VALUES (8,'July','bell',42,2,8,7);
INSERT INTO `horetskyi`.`driver` (`iddriver`,`name`,`surname`,`age`,`number_of_cars`,`rating_idrating`,`experience`) VALUES (9,'rob','miligun',19,1,9,5);
INSERT INTO `horetskyi`.`driver` (`iddriver`,`name`,`surname`,`age`,`number_of_cars`,`rating_idrating`,`experience`) VALUES (10,'bob','minigun',33,1,10,6);

INSERT INTO `horetskyi`.`car` (`idcar`,`model`,`mark`,`color`,`car_number`) VALUES (1,'x8','bmw','black','bc2345rs');
INSERT INTO `horetskyi`.`car` (`idcar`,`model`,`mark`,`color`,`car_number`) VALUES (2,'x5','bmw','white','bc2315rs');
INSERT INTO `horetskyi`.`car` (`idcar`,`model`,`mark`,`color`,`car_number`) VALUES (3,'x3','bmw','pink','bc2325rs');
INSERT INTO `horetskyi`.`car` (`idcar`,`model`,`mark`,`color`,`car_number`) VALUES (4,'3','lada','black','bc2355rs');
INSERT INTO `horetskyi`.`car` (`idcar`,`model`,`mark`,`color`,`car_number`) VALUES (5,'pasat','WW','yelow','bc2365rs');
INSERT INTO `horetskyi`.`car` (`idcar`,`model`,`mark`,`color`,`car_number`) VALUES (6,'bug','WW','blue','bc2375rs');
INSERT INTO `horetskyi`.`car` (`idcar`,`model`,`mark`,`color`,`car_number`) VALUES (7,'pasat','WW','black','bc2385rs');
INSERT INTO `horetskyi`.`car` (`idcar`,`model`,`mark`,`color`,`car_number`) VALUES (8,'1910','lada','black','bc2335rs');
INSERT INTO `horetskyi`.`car` (`idcar`,`model`,`mark`,`color`,`car_number`) VALUES (9,'x5','bmw','white','bc2395rs');
INSERT INTO `horetskyi`.`car` (`idcar`,`model`,`mark`,`color`,`car_number`) VALUES (10,'x3','bmw','gray','bc2310rs');

INSERT INTO `horetskyi`.`rating` (`idrating`,`stars`) VALUES (1,5);
INSERT INTO `horetskyi`.`rating` (`idrating`,`stars`) VALUES (2,3);
INSERT INTO `horetskyi`.`rating` (`idrating`,`stars`) VALUES (3,3);
INSERT INTO `horetskyi`.`rating` (`idrating`,`stars`) VALUES (4,2);
INSERT INTO `horetskyi`.`rating` (`idrating`,`stars`) VALUES (5,1);
INSERT INTO `horetskyi`.`rating` (`idrating`,`stars`) VALUES (6,4);
INSERT INTO `horetskyi`.`rating` (`idrating`,`stars`) VALUES (7,5);
INSERT INTO `horetskyi`.`rating` (`idrating`,`stars`) VALUES (8,2);
INSERT INTO `horetskyi`.`rating` (`idrating`,`stars`) VALUES (9,3);
INSERT INTO `horetskyi`.`rating` (`idrating`,`stars`) VALUES (10,4);

INSERT INTO `horetskyi`.`driver_has_car` (`driver_iddriver`, `car_idcar`) VALUES ('1', '1');
INSERT INTO `horetskyi`.`driver_has_car` (`driver_iddriver`, `car_idcar`) VALUES ('1', '2');
INSERT INTO `horetskyi`.`driver_has_car` (`driver_iddriver`, `car_idcar`) VALUES ('3', '3');
INSERT INTO `horetskyi`.`driver_has_car` (`driver_iddriver`, `car_idcar`) VALUES ('4', '4');
INSERT INTO `horetskyi`.`driver_has_car` (`driver_iddriver`, `car_idcar`) VALUES ('5', '5');
INSERT INTO `horetskyi`.`driver_has_car` (`driver_iddriver`, `car_idcar`) VALUES ('6', '6');
INSERT INTO `horetskyi`.`driver_has_car` (`driver_iddriver`, `car_idcar`) VALUES ('7', '7');
INSERT INTO `horetskyi`.`driver_has_car` (`driver_iddriver`, `car_idcar`) VALUES ('8', '8');
INSERT INTO `horetskyi`.`driver_has_car` (`driver_iddriver`, `car_idcar`) VALUES ('9', '10');
INSERT INTO `horetskyi`.`driver_has_car` (`driver_iddriver`, `car_idcar`) VALUES ('10', '10');


SET SQL_MODE=@OLD_SQL_MODE;
SET FOREIGN_KEY_CHECKS=@OLD_FOREIGN_KEY_CHECKS;
SET UNIQUE_CHECKS=@OLD_UNIQUE_CHECKS;
